{
  "Extensions": [
    {
      "extensionName": "ARM Outputs",
      "link": "<a href='https://marketplace.visualstudio.com/items?itemName=keesschollaart.arm-outputs' target='_blank'><b>ARM Outputs</b></a>",
      "publisherId": "keesschollaart",
      "extensionId": "arm-outputs",
      "publisherName": "Kees Schollaart",
      "License": "<a href='https://marketplace.visualstudio.com/items?itemName=keesschollaart.arm-outputs' target='_blank'>License Terms</a>"
    },
    {
      "extensionName": "Team Project Health",
      "link": "<a href='https://marketplace.visualstudio.com/items?itemName=ms-devlabs.TeamProjectHealth' target='_blank'><b>Team Project Health</b></a>",
      "publisherId": "ms-devlabs",
      "extensionId": "TeamProjectHealth",
      "publisherName": "Microsoft DevLabs",
      "License": "<a href='https://marketplace.visualstudio.com/items?itemName=ms-devlabs.TeamProjectHealth' target='_blank'>License Terms</a>"
    },
    {
      "extensionName": "Release Management Utility tasks",
      "link": "<a href='https://marketplace.visualstudio.com/items?itemName=ms-devlabs.utilitytasks' target='_blank'><b>Release Management Utility tasks</b></a>",
      "publisherId": "ms-devlabs",
      "extensionId": "utilitytasks",
      "publisherName": "Microsoft DevLabs",
      "License": "<a href='https://marketplace.visualstudio.com/items?itemName=ms-devlabs.utilitytasks' target='_blank'>License Terms</a>"
    },
    {
      "extensionName": "Bower",
      "link": "<a href='https://marketplace.visualstudio.com/items?itemName=touchify.vsts-bower' target='_blank'><b>Bower</b></a>",
      "publisherId": "touchify",
      "extensionId": "vsts-bower",
      "publisherName": "Touchify",
      "License": "<a href='https://marketplace.visualstudio.com/items?itemName=touchify.vsts-bower' target='_blank'>License Terms</a>"
    }
  ]
}