{
  "count": 9,
  "value": [
    {
      "id": 1105,
      "rev": 3,
      "fields": {
        "System.AreaPath": "The DevJevNL Cloud Adoption Plan backlog",
        "System.TeamProject": "The DevJevNL Cloud Adoption Plan backlog",
        "System.IterationPath": "$ProjectName$\\Sprint 1",
        "System.WorkItemType": "Epic",
        "System.State": "New",
        "System.Reason": "New epic",
        "System.CreatedDate": "2023-05-10T13:00:40.167Z",
        "System.CreatedBy": "Jev Suchoi - DemoJev <jevadmin@demojev.onmicrosoft.com>",
        "System.ChangedDate": "2023-05-10T13:00:40.44Z",
        "System.ChangedBy": "Jev Suchoi - DemoJev <jevadmin@demojev.onmicrosoft.com>",
        "System.Title": "Azure billing and Active Directory tenant",
        "Microsoft.VSTS.Scheduling.Effort": 0.0,
        "System.Description": null,
        "System.AssignedTo": null,
        "Microsoft.VSTS.Scheduling.RemainingWork": 0.0,
        "Microsoft.VSTS.Common.Priority": 2.0,
        "System.BoardLane": null,
        "System.Tags": null,
        "Microsoft.VSTS.TCM.Steps": null,
        "Microsoft.VSTS.TCM.Parameters": null,
        "Microsoft.VSTS.TCM.LocalDataSource": null,
        "Microsoft.VSTS.TCM.AutomationStatus": null,
        "System.History": null
      },
      "relations": [
        {
          "rel": "System.LinkTypes.Hierarchy-Forward",
          "url": "https://dev.azure.com/demojev/_apis/wit/workItems/1383",
          "attributes": {
            "isLocked": "false",
            "name": "Child"
          }
        },
        {
          "rel": "System.LinkTypes.Hierarchy-Forward",
          "url": "https://dev.azure.com/demojev/_apis/wit/workItems/1120",
          "attributes": {
            "isLocked": "false",
            "name": "Child"
          }
        },
        {
          "rel": "System.LinkTypes.Hierarchy-Forward",
          "url": "https://dev.azure.com/demojev/_apis/wit/workItems/1113",
          "attributes": {
            "isLocked": "false",
            "name": "Child"
          }
        },
        {
          "rel": "System.LinkTypes.Hierarchy-Forward",
          "url": "https://dev.azure.com/demojev/_apis/wit/workItems/1377",
          "attributes": {
            "isLocked": "false",
            "name": "Child"
          }
        },
        {
          "rel": "System.LinkTypes.Hierarchy-Forward",
          "url": "https://dev.azure.com/demojev/_apis/wit/workItems/1106",
          "attributes": {
            "isLocked": "false",
            "name": "Child"
          }
        }
      ],
      "url": "https://dev.azure.com/demojev/_apis/wit/workItems/1105"
    },
    {
      "id": 1127,
      "rev": 5,
      "fields": {
        "System.AreaPath": "The DevJevNL Cloud Adoption Plan backlog",
        "System.TeamProject": "The DevJevNL Cloud Adoption Plan backlog",
        "System.IterationPath": "$ProjectName$\\Sprint 1",
        "System.WorkItemType": "Epic",
        "System.State": "New",
        "System.Reason": "New epic",
        "System.CreatedDate": "2023-05-10T13:48:45.477Z",
        "System.CreatedBy": "Jev Suchoi - DemoJev <jevadmin@demojev.onmicrosoft.com>",
        "System.ChangedDate": "2023-05-10T13:49:45.737Z",
        "System.ChangedBy": "Jev Suchoi - DemoJev <jevadmin@demojev.onmicrosoft.com>",
        "System.Title": "Identity and access management",
        "Microsoft.VSTS.Scheduling.Effort": 0.0,
        "System.Description": "<div><a href=\"https://learn.microsoft.com/en-us/azure/cloud-adoption-framework/ready/landing-zone/design-area/identity-access\">Azure identity and access management design area - Cloud Adoption Framework | Microsoft Learn</a><br> </div>",
        "System.AssignedTo": null,
        "Microsoft.VSTS.Scheduling.RemainingWork": 0.0,
        "Microsoft.VSTS.Common.Priority": 2.0,
        "System.BoardLane": null,
        "System.Tags": null,
        "Microsoft.VSTS.TCM.Steps": null,
        "Microsoft.VSTS.TCM.Parameters": null,
        "Microsoft.VSTS.TCM.LocalDataSource": null,
        "Microsoft.VSTS.TCM.AutomationStatus": null,
        "System.History": null
      },
      "relations": [
        {
          "rel": "System.LinkTypes.Hierarchy-Forward",
          "url": "https://dev.azure.com/demojev/_apis/wit/workItems/1128",
          "attributes": {
            "isLocked": "false",
            "name": "Child"
          }
        }
      ],
      "url": "https://dev.azure.com/demojev/_apis/wit/workItems/1127"
    },
    {
      "id": 1137,
      "rev": 5,
      "fields": {
        "System.AreaPath": "The DevJevNL Cloud Adoption Plan backlog",
        "System.TeamProject": "The DevJevNL Cloud Adoption Plan backlog",
        "System.IterationPath": "$ProjectName$\\Sprint 1",
        "System.WorkItemType": "Epic",
        "System.State": "New",
        "System.Reason": "New epic",
        "System.CreatedDate": "2023-05-10T15:59:32.217Z",
        "System.CreatedBy": "Jev Suchoi - DemoJev <jevadmin@demojev.onmicrosoft.com>",
        "System.ChangedDate": "2023-05-10T16:01:36.443Z",
        "System.ChangedBy": "Jev Suchoi - DemoJev <jevadmin@demojev.onmicrosoft.com>",
        "System.Title": "Resource organization",
        "Microsoft.VSTS.Scheduling.Effort": 0.0,
        "System.Description": "<div><span style=\"color:rgb(22, 22, 22);font-family:&quot;Segoe UI&quot;, SegoeUI, &quot;Helvetica Neue&quot;, Helvetica, Arial, sans-serif;font-size:16px;display:inline !important;\">The critical resource organization design area establishes consistent patterns for organizing resources deployed to the cloud.</span><br> </div><div><span style=\"color:rgb(22, 22, 22);font-family:&quot;Segoe UI&quot;, SegoeUI, &quot;Helvetica Neue&quot;, Helvetica, Arial, sans-serif;font-size:16px;display:inline !important;\"><br></span> </div><div><span style=\"color:rgb(22, 22, 22);font-family:&quot;Segoe UI&quot;, SegoeUI, &quot;Helvetica Neue&quot;, Helvetica, Arial, sans-serif;font-size:16px;display:inline !important;\"><p style=\"margin:1rem 0px 0px;font-family:&quot;Segoe UI&quot;, SegoeUI, &quot;Helvetica Neue&quot;, Helvetica, Arial, sans-serif;\"><strong style=\"font-weight:600;\">Scope:</strong><span>&nbsp;</span>Resource organization decisions are a foundation for all compliance-related design areas. The goal of resource organization planning is to establish consistent patterns for the following areas: </p><ul style=\"margin:16px 0px 16px 38px;list-style:none;font-family:&quot;Segoe UI&quot;, SegoeUI, &quot;Helvetica Neue&quot;, Helvetica, Arial, sans-serif;\"><li style=\"margin:0px;list-style:disc;\">Naming </li><li style=\"margin:0px;list-style:disc;\">Tagging </li><li style=\"margin:0px;list-style:disc;\">Subscription design </li><li style=\"margin:0px;list-style:disc;\">Management group design </li> </ul></span> </div><div><span style=\"color:rgb(22, 22, 22);font-family:&quot;Segoe UI&quot;, SegoeUI, &quot;Helvetica Neue&quot;, Helvetica, Arial, sans-serif;font-size:16px;display:inline !important;\"><br></span> </div><div><span style=\"color:rgb(22, 22, 22);font-family:&quot;Segoe UI&quot;, SegoeUI, &quot;Helvetica Neue&quot;, Helvetica, Arial, sans-serif;font-size:16px;display:inline !important;\"><a href=\"https://learn.microsoft.com/en-us/azure/cloud-adoption-framework/ready/landing-zone/design-area/resource-org\">Resource organization design area overview - Cloud Adoption Framework | Microsoft Learn</a><br></span> </div>",
        "System.AssignedTo": null,
        "Microsoft.VSTS.Scheduling.RemainingWork": 0.0,
        "Microsoft.VSTS.Common.Priority": 2.0,
        "System.BoardLane": null,
        "System.Tags": null,
        "Microsoft.VSTS.TCM.Steps": null,
        "Microsoft.VSTS.TCM.Parameters": null,
        "Microsoft.VSTS.TCM.LocalDataSource": null,
        "Microsoft.VSTS.TCM.AutomationStatus": null,
        "System.History": null
      },
      "relations": [
        {
          "rel": "System.LinkTypes.Hierarchy-Forward",
          "url": "https://dev.azure.com/demojev/_apis/wit/workItems/1157",
          "attributes": {
            "isLocked": "false",
            "name": "Child"
          }
        },
        {
          "rel": "System.LinkTypes.Hierarchy-Forward",
          "url": "https://dev.azure.com/demojev/_apis/wit/workItems/1160",
          "attributes": {
            "isLocked": "false",
            "name": "Child"
          }
        },
        {
          "rel": "System.LinkTypes.Hierarchy-Forward",
          "url": "https://dev.azure.com/demojev/_apis/wit/workItems/1145",
          "attributes": {
            "isLocked": "false",
            "name": "Child"
          }
        },
        {
          "rel": "System.LinkTypes.Hierarchy-Forward",
          "url": "https://dev.azure.com/demojev/_apis/wit/workItems/1138",
          "attributes": {
            "isLocked": "false",
            "name": "Child"
          }
        }
      ],
      "url": "https://dev.azure.com/demojev/_apis/wit/workItems/1137"
    },
    {
      "id": 1168,
      "rev": 3,
      "fields": {
        "System.AreaPath": "The DevJevNL Cloud Adoption Plan backlog",
        "System.TeamProject": "The DevJevNL Cloud Adoption Plan backlog",
        "System.IterationPath": "$ProjectName$\\Sprint 1",
        "System.WorkItemType": "Epic",
        "System.State": "New",
        "System.Reason": "New epic",
        "System.CreatedDate": "2023-05-17T15:58:04.123Z",
        "System.CreatedBy": "Jev Suchoi - DemoJev <jevadmin@demojev.onmicrosoft.com>",
        "System.ChangedDate": "2023-05-17T15:58:04.767Z",
        "System.ChangedBy": "Jev Suchoi - DemoJev <jevadmin@demojev.onmicrosoft.com>",
        "System.Title": "Network topology and connectivity",
        "Microsoft.VSTS.Scheduling.Effort": 0.0,
        "System.Description": null,
        "System.AssignedTo": null,
        "Microsoft.VSTS.Scheduling.RemainingWork": 0.0,
        "Microsoft.VSTS.Common.Priority": 2.0,
        "System.BoardLane": null,
        "System.Tags": null,
        "Microsoft.VSTS.TCM.Steps": null,
        "Microsoft.VSTS.TCM.Parameters": null,
        "Microsoft.VSTS.TCM.LocalDataSource": null,
        "Microsoft.VSTS.TCM.AutomationStatus": null,
        "System.History": null
      },
      "relations": [
        {
          "rel": "System.LinkTypes.Hierarchy-Forward",
          "url": "https://dev.azure.com/demojev/_apis/wit/workItems/1178",
          "attributes": {
            "isLocked": "false",
            "name": "Child"
          }
        },
        {
          "rel": "System.LinkTypes.Hierarchy-Forward",
          "url": "https://dev.azure.com/demojev/_apis/wit/workItems/1184",
          "attributes": {
            "isLocked": "false",
            "name": "Child"
          }
        },
        {
          "rel": "System.LinkTypes.Hierarchy-Forward",
          "url": "https://dev.azure.com/demojev/_apis/wit/workItems/1171",
          "attributes": {
            "isLocked": "false",
            "name": "Child"
          }
        },
        {
          "rel": "System.LinkTypes.Hierarchy-Forward",
          "url": "https://dev.azure.com/demojev/_apis/wit/workItems/1176",
          "attributes": {
            "isLocked": "false",
            "name": "Child"
          }
        },
        {
          "rel": "System.LinkTypes.Hierarchy-Forward",
          "url": "https://dev.azure.com/demojev/_apis/wit/workItems/1170",
          "attributes": {
            "isLocked": "false",
            "name": "Child"
          }
        },
        {
          "rel": "System.LinkTypes.Hierarchy-Forward",
          "url": "https://dev.azure.com/demojev/_apis/wit/workItems/1186",
          "attributes": {
            "isLocked": "false",
            "name": "Child"
          }
        },
        {
          "rel": "System.LinkTypes.Hierarchy-Forward",
          "url": "https://dev.azure.com/demojev/_apis/wit/workItems/1182",
          "attributes": {
            "isLocked": "false",
            "name": "Child"
          }
        },
        {
          "rel": "System.LinkTypes.Hierarchy-Forward",
          "url": "https://dev.azure.com/demojev/_apis/wit/workItems/1172",
          "attributes": {
            "isLocked": "false",
            "name": "Child"
          }
        },
        {
          "rel": "System.LinkTypes.Hierarchy-Forward",
          "url": "https://dev.azure.com/demojev/_apis/wit/workItems/1181",
          "attributes": {
            "isLocked": "false",
            "name": "Child"
          }
        },
        {
          "rel": "System.LinkTypes.Hierarchy-Forward",
          "url": "https://dev.azure.com/demojev/_apis/wit/workItems/1187",
          "attributes": {
            "isLocked": "false",
            "name": "Child"
          }
        },
        {
          "rel": "System.LinkTypes.Hierarchy-Forward",
          "url": "https://dev.azure.com/demojev/_apis/wit/workItems/1173",
          "attributes": {
            "isLocked": "false",
            "name": "Child"
          }
        },
        {
          "rel": "System.LinkTypes.Hierarchy-Forward",
          "url": "https://dev.azure.com/demojev/_apis/wit/workItems/1177",
          "attributes": {
            "isLocked": "false",
            "name": "Child"
          }
        },
        {
          "rel": "System.LinkTypes.Hierarchy-Forward",
          "url": "https://dev.azure.com/demojev/_apis/wit/workItems/1180",
          "attributes": {
            "isLocked": "false",
            "name": "Child"
          }
        },
        {
          "rel": "System.LinkTypes.Hierarchy-Forward",
          "url": "https://dev.azure.com/demojev/_apis/wit/workItems/1169",
          "attributes": {
            "isLocked": "false",
            "name": "Child"
          }
        },
        {
          "rel": "System.LinkTypes.Hierarchy-Forward",
          "url": "https://dev.azure.com/demojev/_apis/wit/workItems/1183",
          "attributes": {
            "isLocked": "false",
            "name": "Child"
          }
        }
      ],
      "url": "https://dev.azure.com/demojev/_apis/wit/workItems/1168"
    },
    {
      "id": 1188,
      "rev": 4,
      "fields": {
        "System.AreaPath": "The DevJevNL Cloud Adoption Plan backlog",
        "System.TeamProject": "The DevJevNL Cloud Adoption Plan backlog",
        "System.IterationPath": "$ProjectName$\\Sprint 1",
        "System.WorkItemType": "Epic",
        "System.State": "New",
        "System.Reason": "New epic",
        "System.CreatedDate": "2023-05-17T16:28:56.22Z",
        "System.CreatedBy": "Jev Suchoi - DemoJev <jevadmin@demojev.onmicrosoft.com>",
        "System.ChangedDate": "2023-05-17T16:29:28.55Z",
        "System.ChangedBy": "Jev Suchoi - DemoJev <jevadmin@demojev.onmicrosoft.com>",
        "System.Title": "Security",
        "Microsoft.VSTS.Scheduling.Effort": 0.0,
        "System.Description": "<div><a href=\"https://learn.microsoft.com/en-us/azure/cloud-adoption-framework/ready/landing-zone/design-area/security\">Security design in Azure - Cloud Adoption Framework | Microsoft Learn</a><br> </div>",
        "System.AssignedTo": null,
        "Microsoft.VSTS.Scheduling.RemainingWork": 0.0,
        "Microsoft.VSTS.Common.Priority": 2.0,
        "System.BoardLane": null,
        "System.Tags": null,
        "Microsoft.VSTS.TCM.Steps": null,
        "Microsoft.VSTS.TCM.Parameters": null,
        "Microsoft.VSTS.TCM.LocalDataSource": null,
        "Microsoft.VSTS.TCM.AutomationStatus": null,
        "System.History": null
      },
      "relations": [
        {
          "rel": "System.LinkTypes.Hierarchy-Forward",
          "url": "https://dev.azure.com/demojev/_apis/wit/workItems/1208",
          "attributes": {
            "isLocked": "false",
            "name": "Child"
          }
        },
        {
          "rel": "System.LinkTypes.Hierarchy-Forward",
          "url": "https://dev.azure.com/demojev/_apis/wit/workItems/1204",
          "attributes": {
            "isLocked": "false",
            "name": "Child"
          }
        },
        {
          "rel": "System.LinkTypes.Hierarchy-Forward",
          "url": "https://dev.azure.com/demojev/_apis/wit/workItems/1196",
          "attributes": {
            "isLocked": "false",
            "name": "Child"
          }
        },
        {
          "rel": "System.LinkTypes.Hierarchy-Forward",
          "url": "https://dev.azure.com/demojev/_apis/wit/workItems/1207",
          "attributes": {
            "isLocked": "false",
            "name": "Child"
          }
        },
        {
          "rel": "System.LinkTypes.Hierarchy-Forward",
          "url": "https://dev.azure.com/demojev/_apis/wit/workItems/1206",
          "attributes": {
            "isLocked": "false",
            "name": "Child"
          }
        },
        {
          "rel": "System.LinkTypes.Hierarchy-Forward",
          "url": "https://dev.azure.com/demojev/_apis/wit/workItems/1264",
          "attributes": {
            "isLocked": "false",
            "name": "Child"
          }
        },
        {
          "rel": "System.LinkTypes.Hierarchy-Forward",
          "url": "https://dev.azure.com/demojev/_apis/wit/workItems/1209",
          "attributes": {
            "isLocked": "false",
            "name": "Child"
          }
        },
        {
          "rel": "System.LinkTypes.Hierarchy-Forward",
          "url": "https://dev.azure.com/demojev/_apis/wit/workItems/1189",
          "attributes": {
            "isLocked": "false",
            "name": "Child"
          }
        },
        {
          "rel": "System.LinkTypes.Hierarchy-Forward",
          "url": "https://dev.azure.com/demojev/_apis/wit/workItems/1205",
          "attributes": {
            "isLocked": "false",
            "name": "Child"
          }
        },
        {
          "rel": "System.LinkTypes.Hierarchy-Forward",
          "url": "https://dev.azure.com/demojev/_apis/wit/workItems/1265",
          "attributes": {
            "isLocked": "false",
            "name": "Child"
          }
        }
      ],
      "url": "https://dev.azure.com/demojev/_apis/wit/workItems/1188"
    },
    {
      "id": 1220,
      "rev": 4,
      "fields": {
        "System.AreaPath": "The DevJevNL Cloud Adoption Plan backlog",
        "System.TeamProject": "The DevJevNL Cloud Adoption Plan backlog",
        "System.IterationPath": "$ProjectName$\\Sprint 1",
        "System.WorkItemType": "Epic",
        "System.State": "New",
        "System.Reason": "New epic",
        "System.CreatedDate": "2023-05-24T15:36:28.573Z",
        "System.CreatedBy": "Jev Suchoi - DemoJev <jevadmin@demojev.onmicrosoft.com>",
        "System.ChangedDate": "2023-05-24T15:36:39.63Z",
        "System.ChangedBy": "Jev Suchoi - DemoJev <jevadmin@demojev.onmicrosoft.com>",
        "System.Title": "Security - Securing privileged access for hybrid and cloud deployments in Azure AD",
        "Microsoft.VSTS.Scheduling.Effort": 0.0,
        "System.Description": null,
        "System.AssignedTo": null,
        "Microsoft.VSTS.Scheduling.RemainingWork": 0.0,
        "Microsoft.VSTS.Common.Priority": 2.0,
        "System.BoardLane": null,
        "System.Tags": null,
        "Microsoft.VSTS.TCM.Steps": null,
        "Microsoft.VSTS.TCM.Parameters": null,
        "Microsoft.VSTS.TCM.LocalDataSource": null,
        "Microsoft.VSTS.TCM.AutomationStatus": null,
        "System.History": null
      },
      "relations": [
        {
          "rel": "System.LinkTypes.Hierarchy-Forward",
          "url": "https://dev.azure.com/demojev/_apis/wit/workItems/1223",
          "attributes": {
            "isLocked": "false",
            "name": "Child"
          }
        },
        {
          "rel": "System.LinkTypes.Hierarchy-Forward",
          "url": "https://dev.azure.com/demojev/_apis/wit/workItems/1242",
          "attributes": {
            "isLocked": "false",
            "name": "Child"
          }
        },
        {
          "rel": "System.LinkTypes.Hierarchy-Forward",
          "url": "https://dev.azure.com/demojev/_apis/wit/workItems/1222",
          "attributes": {
            "isLocked": "false",
            "name": "Child"
          }
        },
        {
          "rel": "System.LinkTypes.Hierarchy-Forward",
          "url": "https://dev.azure.com/demojev/_apis/wit/workItems/1221",
          "attributes": {
            "isLocked": "false",
            "name": "Child"
          }
        },
        {
          "rel": "System.LinkTypes.Hierarchy-Forward",
          "url": "https://dev.azure.com/demojev/_apis/wit/workItems/1241",
          "attributes": {
            "isLocked": "false",
            "name": "Child"
          }
        }
      ],
      "url": "https://dev.azure.com/demojev/_apis/wit/workItems/1220"
    },
    {
      "id": 1271,
      "rev": 4,
      "fields": {
        "System.AreaPath": "The DevJevNL Cloud Adoption Plan backlog",
        "System.TeamProject": "The DevJevNL Cloud Adoption Plan backlog",
        "System.IterationPath": "$ProjectName$\\Sprint 1",
        "System.WorkItemType": "Epic",
        "System.State": "New",
        "System.Reason": "New epic",
        "System.CreatedDate": "2023-05-24T16:28:32.4Z",
        "System.CreatedBy": "Jev Suchoi - DemoJev <jevadmin@demojev.onmicrosoft.com>",
        "System.ChangedDate": "2023-05-24T16:28:42.513Z",
        "System.ChangedBy": "Jev Suchoi - DemoJev <jevadmin@demojev.onmicrosoft.com>",
        "System.Title": "Management for Azure environments",
        "Microsoft.VSTS.Scheduling.Effort": 0.0,
        "System.Description": "<div><a href=\"https://learn.microsoft.com/en-us/azure/cloud-adoption-framework/ready/landing-zone/design-area/management\">Management for Azure environments - Cloud Adoption Framework | Microsoft Learn</a><br> </div>",
        "System.AssignedTo": null,
        "Microsoft.VSTS.Scheduling.RemainingWork": 0.0,
        "Microsoft.VSTS.Common.Priority": 2.0,
        "System.BoardLane": null,
        "System.Tags": null,
        "Microsoft.VSTS.TCM.Steps": null,
        "Microsoft.VSTS.TCM.Parameters": null,
        "Microsoft.VSTS.TCM.LocalDataSource": null,
        "Microsoft.VSTS.TCM.AutomationStatus": null,
        "System.History": null
      },
      "relations": [
        {
          "rel": "System.LinkTypes.Hierarchy-Forward",
          "url": "https://dev.azure.com/demojev/_apis/wit/workItems/1272",
          "attributes": {
            "isLocked": "false",
            "name": "Child"
          }
        },
        {
          "rel": "System.LinkTypes.Hierarchy-Forward",
          "url": "https://dev.azure.com/demojev/_apis/wit/workItems/1287",
          "attributes": {
            "isLocked": "false",
            "name": "Child"
          }
        },
        {
          "rel": "System.LinkTypes.Hierarchy-Forward",
          "url": "https://dev.azure.com/demojev/_apis/wit/workItems/1291",
          "attributes": {
            "isLocked": "false",
            "name": "Child"
          }
        },
        {
          "rel": "System.LinkTypes.Hierarchy-Forward",
          "url": "https://dev.azure.com/demojev/_apis/wit/workItems/1273",
          "attributes": {
            "isLocked": "false",
            "name": "Child"
          }
        }
      ],
      "url": "https://dev.azure.com/demojev/_apis/wit/workItems/1271"
    },
    {
      "id": 1296,
      "rev": 4,
      "fields": {
        "System.AreaPath": "The DevJevNL Cloud Adoption Plan backlog",
        "System.TeamProject": "The DevJevNL Cloud Adoption Plan backlog",
        "System.IterationPath": "$ProjectName$\\Sprint 1",
        "System.WorkItemType": "Epic",
        "System.State": "New",
        "System.Reason": "New epic",
        "System.CreatedDate": "2023-05-31T15:29:46.383Z",
        "System.CreatedBy": "Jev Suchoi - DemoJev <jevadmin@demojev.onmicrosoft.com>",
        "System.ChangedDate": "2023-05-31T15:29:55.66Z",
        "System.ChangedBy": "Jev Suchoi - DemoJev <jevadmin@demojev.onmicrosoft.com>",
        "System.Title": "Azure governance",
        "Microsoft.VSTS.Scheduling.Effort": 0.0,
        "System.Description": "<div><a href=\"https://learn.microsoft.com/en-us/azure/cloud-adoption-framework/ready/landing-zone/design-area/governance\">Azure governance design area guidance - Cloud Adoption Framework | Microsoft Learn</a><br> </div>",
        "System.AssignedTo": null,
        "Microsoft.VSTS.Scheduling.RemainingWork": 0.0,
        "Microsoft.VSTS.Common.Priority": 2.0,
        "System.BoardLane": null,
        "System.Tags": null,
        "Microsoft.VSTS.TCM.Steps": null,
        "Microsoft.VSTS.TCM.Parameters": null,
        "Microsoft.VSTS.TCM.LocalDataSource": null,
        "Microsoft.VSTS.TCM.AutomationStatus": null,
        "System.History": null
      },
      "relations": [
        {
          "rel": "System.LinkTypes.Hierarchy-Forward",
          "url": "https://dev.azure.com/demojev/_apis/wit/workItems/1303",
          "attributes": {
            "isLocked": "false",
            "name": "Child"
          }
        },
        {
          "rel": "System.LinkTypes.Hierarchy-Forward",
          "url": "https://dev.azure.com/demojev/_apis/wit/workItems/1314",
          "attributes": {
            "isLocked": "false",
            "name": "Child"
          }
        },
        {
          "rel": "System.LinkTypes.Hierarchy-Forward",
          "url": "https://dev.azure.com/demojev/_apis/wit/workItems/1298",
          "attributes": {
            "isLocked": "false",
            "name": "Child"
          }
        },
        {
          "rel": "System.LinkTypes.Hierarchy-Forward",
          "url": "https://dev.azure.com/demojev/_apis/wit/workItems/1297",
          "attributes": {
            "isLocked": "false",
            "name": "Child"
          }
        }
      ],
      "url": "https://dev.azure.com/demojev/_apis/wit/workItems/1296"
    },
    {
      "id": 1315,
      "rev": 4,
      "fields": {
        "System.AreaPath": "The DevJevNL Cloud Adoption Plan backlog",
        "System.TeamProject": "The DevJevNL Cloud Adoption Plan backlog",
        "System.IterationPath": "$ProjectName$\\Sprint 1",
        "System.WorkItemType": "Epic",
        "System.State": "New",
        "System.Reason": "New epic",
        "System.CreatedDate": "2023-05-31T15:45:35.017Z",
        "System.CreatedBy": "Jev Suchoi - DemoJev <jevadmin@demojev.onmicrosoft.com>",
        "System.ChangedDate": "2023-05-31T15:45:42.697Z",
        "System.ChangedBy": "Jev Suchoi - DemoJev <jevadmin@demojev.onmicrosoft.com>",
        "System.Title": "Platform automation and DevOps",
        "Microsoft.VSTS.Scheduling.Effort": 0.0,
        "System.Description": "<div><a href=\"https://learn.microsoft.com/en-us/azure/cloud-adoption-framework/ready/landing-zone/design-area/platform-automation-devops\">Platform automation and DevOps design area - Cloud Adoption Framework | Microsoft Learn</a><br> </div>",
        "System.AssignedTo": null,
        "Microsoft.VSTS.Scheduling.RemainingWork": 0.0,
        "Microsoft.VSTS.Common.Priority": 2.0,
        "System.BoardLane": null,
        "System.Tags": null,
        "Microsoft.VSTS.TCM.Steps": null,
        "Microsoft.VSTS.TCM.Parameters": null,
        "Microsoft.VSTS.TCM.LocalDataSource": null,
        "Microsoft.VSTS.TCM.AutomationStatus": null,
        "System.History": null
      },
      "relations": [
        {
          "rel": "System.LinkTypes.Hierarchy-Forward",
          "url": "https://dev.azure.com/demojev/_apis/wit/workItems/1335",
          "attributes": {
            "isLocked": "false",
            "name": "Child"
          }
        },
        {
          "rel": "System.LinkTypes.Hierarchy-Forward",
          "url": "https://dev.azure.com/demojev/_apis/wit/workItems/1328",
          "attributes": {
            "isLocked": "false",
            "name": "Child"
          }
        },
        {
          "rel": "System.LinkTypes.Hierarchy-Forward",
          "url": "https://dev.azure.com/demojev/_apis/wit/workItems/1346",
          "attributes": {
            "isLocked": "false",
            "name": "Child"
          }
        },
        {
          "rel": "System.LinkTypes.Hierarchy-Forward",
          "url": "https://dev.azure.com/demojev/_apis/wit/workItems/1373",
          "attributes": {
            "isLocked": "false",
            "name": "Child"
          }
        },
        {
          "rel": "System.LinkTypes.Hierarchy-Forward",
          "url": "https://dev.azure.com/demojev/_apis/wit/workItems/1359",
          "attributes": {
            "isLocked": "false",
            "name": "Child"
          }
        },
        {
          "rel": "System.LinkTypes.Hierarchy-Forward",
          "url": "https://dev.azure.com/demojev/_apis/wit/workItems/1364",
          "attributes": {
            "isLocked": "false",
            "name": "Child"
          }
        },
        {
          "rel": "System.LinkTypes.Hierarchy-Forward",
          "url": "https://dev.azure.com/demojev/_apis/wit/workItems/1352",
          "attributes": {
            "isLocked": "false",
            "name": "Child"
          }
        },
        {
          "rel": "System.LinkTypes.Hierarchy-Forward",
          "url": "https://dev.azure.com/demojev/_apis/wit/workItems/1358",
          "attributes": {
            "isLocked": "false",
            "name": "Child"
          }
        },
        {
          "rel": "System.LinkTypes.Hierarchy-Forward",
          "url": "https://dev.azure.com/demojev/_apis/wit/workItems/1340",
          "attributes": {
            "isLocked": "false",
            "name": "Child"
          }
        },
        {
          "rel": "System.LinkTypes.Hierarchy-Forward",
          "url": "https://dev.azure.com/demojev/_apis/wit/workItems/1316",
          "attributes": {
            "isLocked": "false",
            "name": "Child"
          }
        },
        {
          "rel": "System.LinkTypes.Hierarchy-Forward",
          "url": "https://dev.azure.com/demojev/_apis/wit/workItems/1353",
          "attributes": {
            "isLocked": "false",
            "name": "Child"
          }
        }
      ],
      "url": "https://dev.azure.com/demojev/_apis/wit/workItems/1315"
    }
  ],
  "HttpStatusCode": 0,
  "Message": null
}