{
  "count": 28,
  "value": [
    {
      "id": 1108,
      "rev": 1,
      "fields": {
        "System.AreaPath": "The DevJevNL Cloud Adoption Plan backlog",
        "System.TeamProject": "The DevJevNL Cloud Adoption Plan backlog",
        "System.IterationPath": "$ProjectName$\\Sprint 1",
        "System.WorkItemType": "Task",
        "System.State": "To Do",
        "System.Reason": "New task",
        "System.CreatedDate": "2023-05-10T13:16:32.52Z",
        "System.CreatedBy": "Jev Suchoi - DemoJev <jevadmin@demojev.onmicrosoft.com>",
        "System.ChangedDate": "2023-05-10T13:16:32.52Z",
        "System.ChangedBy": "Jev Suchoi - DemoJev <jevadmin@demojev.onmicrosoft.com>",
        "System.Title": "Set up a Notification Contact email address to ensure notifications are sent to an appropriate group mailbox.",
        "Microsoft.VSTS.Scheduling.Effort": 0.0,
        "System.Description": null,
        "System.AssignedTo": null,
        "Microsoft.VSTS.Scheduling.RemainingWork": 0.0,
        "Microsoft.VSTS.Common.Priority": 2.0,
        "System.BoardLane": null,
        "System.Tags": null,
        "Microsoft.VSTS.TCM.Steps": null,
        "Microsoft.VSTS.TCM.Parameters": null,
        "Microsoft.VSTS.TCM.LocalDataSource": null,
        "Microsoft.VSTS.TCM.AutomationStatus": null,
        "System.History": null
      },
      "relations": [
        {
          "rel": "System.LinkTypes.Hierarchy-Reverse",
          "url": "https://dev.azure.com/demojev/_apis/wit/workItems/1107",
          "attributes": {
            "isLocked": "false",
            "name": "Parent"
          }
        }
      ],
      "url": "https://dev.azure.com/demojev/_apis/wit/workItems/1108"
    },
    {
      "id": 1109,
      "rev": 1,
      "fields": {
        "System.AreaPath": "The DevJevNL Cloud Adoption Plan backlog",
        "System.TeamProject": "The DevJevNL Cloud Adoption Plan backlog",
        "System.IterationPath": "$ProjectName$\\Sprint 1",
        "System.WorkItemType": "Task",
        "System.State": "To Do",
        "System.Reason": "New task",
        "System.CreatedDate": "2023-05-10T13:17:16.933Z",
        "System.CreatedBy": "Jev Suchoi - DemoJev <jevadmin@demojev.onmicrosoft.com>",
        "System.ChangedDate": "2023-05-10T13:17:16.933Z",
        "System.ChangedBy": "Jev Suchoi - DemoJev <jevadmin@demojev.onmicrosoft.com>",
        "System.Title": "Restrict and minimize the number of account owners within the enrollment to limit administrator access to subscriptions and associated Azure resources.",
        "Microsoft.VSTS.Scheduling.Effort": 0.0,
        "System.Description": null,
        "System.AssignedTo": null,
        "Microsoft.VSTS.Scheduling.RemainingWork": 0.0,
        "Microsoft.VSTS.Common.Priority": 2.0,
        "System.BoardLane": null,
        "System.Tags": null,
        "Microsoft.VSTS.TCM.Steps": null,
        "Microsoft.VSTS.TCM.Parameters": null,
        "Microsoft.VSTS.TCM.LocalDataSource": null,
        "Microsoft.VSTS.TCM.AutomationStatus": null,
        "System.History": null
      },
      "relations": [
        {
          "rel": "System.LinkTypes.Hierarchy-Reverse",
          "url": "https://dev.azure.com/demojev/_apis/wit/workItems/1107",
          "attributes": {
            "isLocked": "false",
            "name": "Parent"
          }
        }
      ],
      "url": "https://dev.azure.com/demojev/_apis/wit/workItems/1109"
    },
    {
      "id": 1110,
      "rev": 1,
      "fields": {
        "System.AreaPath": "The DevJevNL Cloud Adoption Plan backlog",
        "System.TeamProject": "The DevJevNL Cloud Adoption Plan backlog",
        "System.IterationPath": "$ProjectName$\\Sprint 1",
        "System.WorkItemType": "Task",
        "System.State": "To Do",
        "System.Reason": "New task",
        "System.CreatedDate": "2023-05-10T13:17:30.493Z",
        "System.CreatedBy": "Jev Suchoi - DemoJev <jevadmin@demojev.onmicrosoft.com>",
        "System.ChangedDate": "2023-05-10T13:17:30.493Z",
        "System.ChangedBy": "Jev Suchoi - DemoJev <jevadmin@demojev.onmicrosoft.com>",
        "System.Title": "Assign a budget for each department and account, and establish an alert associated with the budget.",
        "Microsoft.VSTS.Scheduling.Effort": 0.0,
        "System.Description": null,
        "System.AssignedTo": null,
        "Microsoft.VSTS.Scheduling.RemainingWork": 0.0,
        "Microsoft.VSTS.Common.Priority": 2.0,
        "System.BoardLane": null,
        "System.Tags": null,
        "Microsoft.VSTS.TCM.Steps": null,
        "Microsoft.VSTS.TCM.Parameters": null,
        "Microsoft.VSTS.TCM.LocalDataSource": null,
        "Microsoft.VSTS.TCM.AutomationStatus": null,
        "System.History": null
      },
      "relations": [
        {
          "rel": "System.LinkTypes.Hierarchy-Reverse",
          "url": "https://dev.azure.com/demojev/_apis/wit/workItems/1107",
          "attributes": {
            "isLocked": "false",
            "name": "Parent"
          }
        }
      ],
      "url": "https://dev.azure.com/demojev/_apis/wit/workItems/1110"
    },
    {
      "id": 1111,
      "rev": 1,
      "fields": {
        "System.AreaPath": "The DevJevNL Cloud Adoption Plan backlog",
        "System.TeamProject": "The DevJevNL Cloud Adoption Plan backlog",
        "System.IterationPath": "$ProjectName$\\Sprint 1",
        "System.WorkItemType": "Task",
        "System.State": "To Do",
        "System.Reason": "New task",
        "System.CreatedDate": "2023-05-10T13:20:29.987Z",
        "System.CreatedBy": "Jev Suchoi - DemoJev <jevadmin@demojev.onmicrosoft.com>",
        "System.ChangedDate": "2023-05-10T13:20:29.987Z",
        "System.ChangedBy": "Jev Suchoi - DemoJev <jevadmin@demojev.onmicrosoft.com>",
        "System.Title": "Enable access to costs in the Azure portal",
        "Microsoft.VSTS.Scheduling.Effort": 0.0,
        "System.Description": "<div><div style=\"margin:16px 0px 0px;\"><a href=\"https://learn.microsoft.com/en-us/azure/cost-management-billing/costs/assign-access-acm-data#enable-access-to-costs-in-the-azure-portal\" style=\"cursor:pointer;background-color:rgba(0, 0, 0, 0);\">Enable both<span>&nbsp;</span><strong style=\"font-weight:600;\">DA View Charges</strong><span>&nbsp;</span>and<span>&nbsp;</span><strong style=\"font-weight:600;\">AO View Charges</strong><span>&nbsp;</span>on every Enterprise Agreement enrollment</a><span>&nbsp;</span>to allow users with the correct permissions to view Azure Cost Management + Billing data.<br><br><a href=\"https://learn.microsoft.com/en-us/azure/cost-management-billing/costs/assign-access-acm-data#enable-access-to-costs-in-the-azure-portal\">Assign access to Cost Management data - Microsoft Cost Management | Microsoft Learn</a><br> </div><br> </div>",
        "System.AssignedTo": null,
        "Microsoft.VSTS.Scheduling.RemainingWork": 0.0,
        "Microsoft.VSTS.Common.Priority": 2.0,
        "System.BoardLane": null,
        "System.Tags": null,
        "Microsoft.VSTS.TCM.Steps": null,
        "Microsoft.VSTS.TCM.Parameters": null,
        "Microsoft.VSTS.TCM.LocalDataSource": null,
        "Microsoft.VSTS.TCM.AutomationStatus": null,
        "System.History": null
      },
      "relations": [
        {
          "rel": "System.LinkTypes.Hierarchy-Reverse",
          "url": "https://dev.azure.com/demojev/_apis/wit/workItems/1107",
          "attributes": {
            "isLocked": "false",
            "name": "Parent"
          }
        }
      ],
      "url": "https://dev.azure.com/demojev/_apis/wit/workItems/1111"
    },
    {
      "id": 1112,
      "rev": 1,
      "fields": {
        "System.AreaPath": "The DevJevNL Cloud Adoption Plan backlog",
        "System.TeamProject": "The DevJevNL Cloud Adoption Plan backlog",
        "System.IterationPath": "$ProjectName$\\Sprint 1",
        "System.WorkItemType": "Task",
        "System.State": "To Do",
        "System.Reason": "New task",
        "System.CreatedDate": "2023-05-10T13:21:39.253Z",
        "System.CreatedBy": "Jev Suchoi - DemoJev <jevadmin@demojev.onmicrosoft.com>",
        "System.ChangedDate": "2023-05-10T13:21:39.253Z",
        "System.ChangedBy": "Jev Suchoi - DemoJev <jevadmin@demojev.onmicrosoft.com>",
        "System.Title": "Protect any user that has permissions upon an enrollment to create subscriptions with Multi-Factor Authentication",
        "Microsoft.VSTS.Scheduling.Effort": 0.0,
        "System.Description": null,
        "System.AssignedTo": null,
        "Microsoft.VSTS.Scheduling.RemainingWork": 0.0,
        "Microsoft.VSTS.Common.Priority": 2.0,
        "System.BoardLane": null,
        "System.Tags": null,
        "Microsoft.VSTS.TCM.Steps": null,
        "Microsoft.VSTS.TCM.Parameters": null,
        "Microsoft.VSTS.TCM.LocalDataSource": null,
        "Microsoft.VSTS.TCM.AutomationStatus": null,
        "System.History": null
      },
      "relations": [
        {
          "rel": "System.LinkTypes.Hierarchy-Reverse",
          "url": "https://dev.azure.com/demojev/_apis/wit/workItems/1107",
          "attributes": {
            "isLocked": "false",
            "name": "Parent"
          }
        }
      ],
      "url": "https://dev.azure.com/demojev/_apis/wit/workItems/1112"
    },
    {
      "id": 1115,
      "rev": 1,
      "fields": {
        "System.AreaPath": "The DevJevNL Cloud Adoption Plan backlog",
        "System.TeamProject": "The DevJevNL Cloud Adoption Plan backlog",
        "System.IterationPath": "$ProjectName$\\Sprint 1",
        "System.WorkItemType": "Task",
        "System.State": "To Do",
        "System.Reason": "New task",
        "System.CreatedDate": "2023-05-10T13:27:27.743Z",
        "System.CreatedBy": "Jev Suchoi - DemoJev <jevadmin@demojev.onmicrosoft.com>",
        "System.ChangedDate": "2023-05-10T13:27:27.743Z",
        "System.ChangedBy": "Jev Suchoi - DemoJev <jevadmin@demojev.onmicrosoft.com>",
        "System.Title": "Set up a Notification Contact email address on the agreement billing account to ensure notifications are sent to an appropriate group mailbox.",
        "Microsoft.VSTS.Scheduling.Effort": 0.0,
        "System.Description": null,
        "System.AssignedTo": null,
        "Microsoft.VSTS.Scheduling.RemainingWork": 0.0,
        "Microsoft.VSTS.Common.Priority": 2.0,
        "System.BoardLane": null,
        "System.Tags": null,
        "Microsoft.VSTS.TCM.Steps": null,
        "Microsoft.VSTS.TCM.Parameters": null,
        "Microsoft.VSTS.TCM.LocalDataSource": null,
        "Microsoft.VSTS.TCM.AutomationStatus": null,
        "System.History": null
      },
      "relations": [
        {
          "rel": "System.LinkTypes.Hierarchy-Reverse",
          "url": "https://dev.azure.com/demojev/_apis/wit/workItems/1114",
          "attributes": {
            "isLocked": "false",
            "name": "Parent"
          }
        }
      ],
      "url": "https://dev.azure.com/demojev/_apis/wit/workItems/1115"
    },
    {
      "id": 1116,
      "rev": 1,
      "fields": {
        "System.AreaPath": "The DevJevNL Cloud Adoption Plan backlog",
        "System.TeamProject": "The DevJevNL Cloud Adoption Plan backlog",
        "System.IterationPath": "$ProjectName$\\Sprint 1",
        "System.WorkItemType": "Task",
        "System.State": "To Do",
        "System.Reason": "New task",
        "System.CreatedDate": "2023-05-10T13:27:39.633Z",
        "System.CreatedBy": "Jev Suchoi - DemoJev <jevadmin@demojev.onmicrosoft.com>",
        "System.ChangedDate": "2023-05-10T13:27:39.633Z",
        "System.ChangedBy": "Jev Suchoi - DemoJev <jevadmin@demojev.onmicrosoft.com>",
        "System.Title": "Assign a budget for each invoice section or billing profile, and establish an alert associated with the budget.",
        "Microsoft.VSTS.Scheduling.Effort": 0.0,
        "System.Description": null,
        "System.AssignedTo": null,
        "Microsoft.VSTS.Scheduling.RemainingWork": 0.0,
        "Microsoft.VSTS.Common.Priority": 2.0,
        "System.BoardLane": null,
        "System.Tags": null,
        "Microsoft.VSTS.TCM.Steps": null,
        "Microsoft.VSTS.TCM.Parameters": null,
        "Microsoft.VSTS.TCM.LocalDataSource": null,
        "Microsoft.VSTS.TCM.AutomationStatus": null,
        "System.History": null
      },
      "relations": [
        {
          "rel": "System.LinkTypes.Hierarchy-Reverse",
          "url": "https://dev.azure.com/demojev/_apis/wit/workItems/1114",
          "attributes": {
            "isLocked": "false",
            "name": "Parent"
          }
        }
      ],
      "url": "https://dev.azure.com/demojev/_apis/wit/workItems/1116"
    },
    {
      "id": 1117,
      "rev": 1,
      "fields": {
        "System.AreaPath": "The DevJevNL Cloud Adoption Plan backlog",
        "System.TeamProject": "The DevJevNL Cloud Adoption Plan backlog",
        "System.IterationPath": "$ProjectName$\\Sprint 1",
        "System.WorkItemType": "Task",
        "System.State": "To Do",
        "System.Reason": "New task",
        "System.CreatedDate": "2023-05-10T13:30:09.39Z",
        "System.CreatedBy": "Jev Suchoi - DemoJev <jevadmin@demojev.onmicrosoft.com>",
        "System.ChangedDate": "2023-05-10T13:30:09.39Z",
        "System.ChangedBy": "Jev Suchoi - DemoJev <jevadmin@demojev.onmicrosoft.com>",
        "System.Title": "Protect any user that has permissions upon an invoice section, billing profile or billing account to create subscriptions with Multi-Factor Authentication",
        "Microsoft.VSTS.Scheduling.Effort": 0.0,
        "System.Description": null,
        "System.AssignedTo": null,
        "Microsoft.VSTS.Scheduling.RemainingWork": 0.0,
        "Microsoft.VSTS.Common.Priority": 2.0,
        "System.BoardLane": null,
        "System.Tags": null,
        "Microsoft.VSTS.TCM.Steps": null,
        "Microsoft.VSTS.TCM.Parameters": null,
        "Microsoft.VSTS.TCM.LocalDataSource": null,
        "Microsoft.VSTS.TCM.AutomationStatus": null,
        "System.History": null
      },
      "relations": [
        {
          "rel": "System.LinkTypes.Hierarchy-Reverse",
          "url": "https://dev.azure.com/demojev/_apis/wit/workItems/1114",
          "attributes": {
            "isLocked": "false",
            "name": "Parent"
          }
        }
      ],
      "url": "https://dev.azure.com/demojev/_apis/wit/workItems/1117"
    },
    {
      "id": 1133,
      "rev": 1,
      "fields": {
        "System.AreaPath": "The DevJevNL Cloud Adoption Plan backlog",
        "System.TeamProject": "The DevJevNL Cloud Adoption Plan backlog",
        "System.IterationPath": "$ProjectName$\\Sprint 1",
        "System.WorkItemType": "Task",
        "System.State": "To Do",
        "System.Reason": "New task",
        "System.CreatedDate": "2023-05-10T14:01:45.677Z",
        "System.CreatedBy": "Jev Suchoi - DemoJev <jevadmin@demojev.onmicrosoft.com>",
        "System.ChangedDate": "2023-05-10T14:01:45.677Z",
        "System.ChangedBy": "Jev Suchoi - DemoJev <jevadmin@demojev.onmicrosoft.com>",
        "System.Title": "Deploy Azure AD Conditional Access policies for users with rights to Azure environments",
        "Microsoft.VSTS.Scheduling.Effort": 0.0,
        "System.Description": "<div><a href=\"https://learn.microsoft.com/en-us/azure/active-directory/conditional-access/overview\">What is Conditional Access in Azure Active Directory? - Microsoft Entra | Microsoft Learn</a><br> </div>",
        "System.AssignedTo": null,
        "Microsoft.VSTS.Scheduling.RemainingWork": 0.0,
        "Microsoft.VSTS.Common.Priority": 2.0,
        "System.BoardLane": null,
        "System.Tags": null,
        "Microsoft.VSTS.TCM.Steps": null,
        "Microsoft.VSTS.TCM.Parameters": null,
        "Microsoft.VSTS.TCM.LocalDataSource": null,
        "Microsoft.VSTS.TCM.AutomationStatus": null,
        "System.History": null
      },
      "relations": [
        {
          "rel": "System.LinkTypes.Hierarchy-Reverse",
          "url": "https://dev.azure.com/demojev/_apis/wit/workItems/1132",
          "attributes": {
            "isLocked": "false",
            "name": "Parent"
          }
        }
      ],
      "url": "https://dev.azure.com/demojev/_apis/wit/workItems/1133"
    },
    {
      "id": 1135,
      "rev": 1,
      "fields": {
        "System.AreaPath": "The DevJevNL Cloud Adoption Plan backlog",
        "System.TeamProject": "The DevJevNL Cloud Adoption Plan backlog",
        "System.IterationPath": "$ProjectName$\\Sprint 1",
        "System.WorkItemType": "Task",
        "System.State": "To Do",
        "System.Reason": "New task",
        "System.CreatedDate": "2023-05-10T14:02:32.297Z",
        "System.CreatedBy": "Jev Suchoi - DemoJev <jevadmin@demojev.onmicrosoft.com>",
        "System.ChangedDate": "2023-05-10T14:02:32.297Z",
        "System.ChangedBy": "Jev Suchoi - DemoJev <jevadmin@demojev.onmicrosoft.com>",
        "System.Title": "Enforce multifactor authentication (MFA) for users with rights to the Azure environments.",
        "Microsoft.VSTS.Scheduling.Effort": 0.0,
        "System.Description": "<div><a href=\"https://learn.microsoft.com/en-us/azure/active-directory/authentication/concept-mfa-howitworks\">Azure AD Multi-Factor Authentication overview - Microsoft Entra | Microsoft Learn</a><br> </div>",
        "System.AssignedTo": null,
        "Microsoft.VSTS.Scheduling.RemainingWork": 0.0,
        "Microsoft.VSTS.Common.Priority": 2.0,
        "System.BoardLane": null,
        "System.Tags": null,
        "Microsoft.VSTS.TCM.Steps": null,
        "Microsoft.VSTS.TCM.Parameters": null,
        "Microsoft.VSTS.TCM.LocalDataSource": null,
        "Microsoft.VSTS.TCM.AutomationStatus": null,
        "System.History": null
      },
      "relations": [
        {
          "rel": "System.LinkTypes.Hierarchy-Reverse",
          "url": "https://dev.azure.com/demojev/_apis/wit/workItems/1132",
          "attributes": {
            "isLocked": "false",
            "name": "Parent"
          }
        }
      ],
      "url": "https://dev.azure.com/demojev/_apis/wit/workItems/1135"
    },
    {
      "id": 1136,
      "rev": 1,
      "fields": {
        "System.AreaPath": "The DevJevNL Cloud Adoption Plan backlog",
        "System.TeamProject": "The DevJevNL Cloud Adoption Plan backlog",
        "System.IterationPath": "$ProjectName$\\Sprint 1",
        "System.WorkItemType": "Task",
        "System.State": "To Do",
        "System.Reason": "New task",
        "System.CreatedDate": "2023-05-10T15:22:01.32Z",
        "System.CreatedBy": "Jev Suchoi - DemoJev <jevadmin@demojev.onmicrosoft.com>",
        "System.ChangedDate": "2023-05-10T15:22:01.32Z",
        "System.ChangedBy": "Jev Suchoi - DemoJev <jevadmin@demojev.onmicrosoft.com>",
        "System.Title": "Use Azure RBAC",
        "Microsoft.VSTS.Scheduling.Effort": 0.0,
        "System.Description": "<div><a href=\"https://learn.microsoft.com/en-us/azure/role-based-access-control/overview\">What is Azure role-based access control (Azure RBAC)? | Microsoft Learn</a><br> </div>",
        "System.AssignedTo": null,
        "Microsoft.VSTS.Scheduling.RemainingWork": 0.0,
        "Microsoft.VSTS.Common.Priority": 2.0,
        "System.BoardLane": null,
        "System.Tags": null,
        "Microsoft.VSTS.TCM.Steps": null,
        "Microsoft.VSTS.TCM.Parameters": null,
        "Microsoft.VSTS.TCM.LocalDataSource": null,
        "Microsoft.VSTS.TCM.AutomationStatus": null,
        "System.History": null
      },
      "relations": [
        {
          "rel": "System.LinkTypes.Hierarchy-Reverse",
          "url": "https://dev.azure.com/demojev/_apis/wit/workItems/1132",
          "attributes": {
            "isLocked": "false",
            "name": "Parent"
          }
        }
      ],
      "url": "https://dev.azure.com/demojev/_apis/wit/workItems/1136"
    },
    {
      "id": 1140,
      "rev": 1,
      "fields": {
        "System.AreaPath": "The DevJevNL Cloud Adoption Plan backlog",
        "System.TeamProject": "The DevJevNL Cloud Adoption Plan backlog",
        "System.IterationPath": "$ProjectName$\\Sprint 1",
        "System.WorkItemType": "Task",
        "System.State": "To Do",
        "System.Reason": "New task",
        "System.CreatedDate": "2023-05-10T16:16:05.263Z",
        "System.CreatedBy": "Jev Suchoi - DemoJev <jevadmin@demojev.onmicrosoft.com>",
        "System.ChangedDate": "2023-05-10T16:16:05.263Z",
        "System.ChangedBy": "Jev Suchoi - DemoJev <jevadmin@demojev.onmicrosoft.com>",
        "System.Title": "Create a top-level sandbox management group so that users can immediately experiment with Azure",
        "Microsoft.VSTS.Scheduling.Effort": 0.0,
        "System.Description": null,
        "System.AssignedTo": null,
        "Microsoft.VSTS.Scheduling.RemainingWork": 0.0,
        "Microsoft.VSTS.Common.Priority": 2.0,
        "System.BoardLane": null,
        "System.Tags": null,
        "Microsoft.VSTS.TCM.Steps": null,
        "Microsoft.VSTS.TCM.Parameters": null,
        "Microsoft.VSTS.TCM.LocalDataSource": null,
        "Microsoft.VSTS.TCM.AutomationStatus": null,
        "System.History": null
      },
      "relations": [
        {
          "rel": "System.LinkTypes.Hierarchy-Reverse",
          "url": "https://dev.azure.com/demojev/_apis/wit/workItems/1139",
          "attributes": {
            "isLocked": "false",
            "name": "Parent"
          }
        }
      ],
      "url": "https://dev.azure.com/demojev/_apis/wit/workItems/1140"
    },
    {
      "id": 1141,
      "rev": 1,
      "fields": {
        "System.AreaPath": "The DevJevNL Cloud Adoption Plan backlog",
        "System.TeamProject": "The DevJevNL Cloud Adoption Plan backlog",
        "System.IterationPath": "$ProjectName$\\Sprint 1",
        "System.WorkItemType": "Task",
        "System.State": "To Do",
        "System.Reason": "New task",
        "System.CreatedDate": "2023-05-10T16:16:23.027Z",
        "System.CreatedBy": "Jev Suchoi - DemoJev <jevadmin@demojev.onmicrosoft.com>",
        "System.ChangedDate": "2023-05-10T16:16:23.027Z",
        "System.ChangedBy": "Jev Suchoi - DemoJev <jevadmin@demojev.onmicrosoft.com>",
        "System.Title": "Create a platform management group under the root management group",
        "Microsoft.VSTS.Scheduling.Effort": 0.0,
        "System.Description": null,
        "System.AssignedTo": null,
        "Microsoft.VSTS.Scheduling.RemainingWork": 0.0,
        "Microsoft.VSTS.Common.Priority": 2.0,
        "System.BoardLane": null,
        "System.Tags": null,
        "Microsoft.VSTS.TCM.Steps": null,
        "Microsoft.VSTS.TCM.Parameters": null,
        "Microsoft.VSTS.TCM.LocalDataSource": null,
        "Microsoft.VSTS.TCM.AutomationStatus": null,
        "System.History": null
      },
      "relations": [
        {
          "rel": "System.LinkTypes.Hierarchy-Reverse",
          "url": "https://dev.azure.com/demojev/_apis/wit/workItems/1139",
          "attributes": {
            "isLocked": "false",
            "name": "Parent"
          }
        }
      ],
      "url": "https://dev.azure.com/demojev/_apis/wit/workItems/1141"
    },
    {
      "id": 1142,
      "rev": 1,
      "fields": {
        "System.AreaPath": "The DevJevNL Cloud Adoption Plan backlog",
        "System.TeamProject": "The DevJevNL Cloud Adoption Plan backlog",
        "System.IterationPath": "$ProjectName$\\Sprint 1",
        "System.WorkItemType": "Task",
        "System.State": "To Do",
        "System.Reason": "New task",
        "System.CreatedDate": "2023-05-10T16:17:59.84Z",
        "System.CreatedBy": "Jev Suchoi - DemoJev <jevadmin@demojev.onmicrosoft.com>",
        "System.ChangedDate": "2023-05-10T16:17:59.84Z",
        "System.ChangedBy": "Jev Suchoi - DemoJev <jevadmin@demojev.onmicrosoft.com>",
        "System.Title": "Enable Azure RBAC authorization in the management group hierarchy settings",
        "Microsoft.VSTS.Scheduling.Effort": 0.0,
        "System.Description": "<div><a href=\"https://learn.microsoft.com/en-us/azure/governance/management-groups/how-to/protect-resource-hierarchy#setting-require-authorization\">How to protect your resource hierarchy - Azure Governance - Azure governance | Microsoft Learn</a><br> </div>",
        "System.AssignedTo": null,
        "Microsoft.VSTS.Scheduling.RemainingWork": 0.0,
        "Microsoft.VSTS.Common.Priority": 2.0,
        "System.BoardLane": null,
        "System.Tags": null,
        "Microsoft.VSTS.TCM.Steps": null,
        "Microsoft.VSTS.TCM.Parameters": null,
        "Microsoft.VSTS.TCM.LocalDataSource": null,
        "Microsoft.VSTS.TCM.AutomationStatus": null,
        "System.History": null
      },
      "relations": [
        {
          "rel": "System.LinkTypes.Hierarchy-Reverse",
          "url": "https://dev.azure.com/demojev/_apis/wit/workItems/1139",
          "attributes": {
            "isLocked": "false",
            "name": "Parent"
          }
        }
      ],
      "url": "https://dev.azure.com/demojev/_apis/wit/workItems/1142"
    },
    {
      "id": 1143,
      "rev": 2,
      "fields": {
        "System.AreaPath": "The DevJevNL Cloud Adoption Plan backlog",
        "System.TeamProject": "The DevJevNL Cloud Adoption Plan backlog",
        "System.IterationPath": "$ProjectName$\\Sprint 1",
        "System.WorkItemType": "Task",
        "System.State": "To Do",
        "System.Reason": "New task",
        "System.CreatedDate": "2023-05-10T16:18:26.11Z",
        "System.CreatedBy": "Jev Suchoi - DemoJev <jevadmin@demojev.onmicrosoft.com>",
        "System.ChangedDate": "2023-05-10T16:18:38.663Z",
        "System.ChangedBy": "Jev Suchoi - DemoJev <jevadmin@demojev.onmicrosoft.com>",
        "System.Title": "Configure a default, dedicated management group for new subscriptions",
        "Microsoft.VSTS.Scheduling.Effort": 0.0,
        "System.Description": "<div><a href=\"https://learn.microsoft.com/en-us/azure/governance/management-groups/how-to/protect-resource-hierarchy#setting---default-management-group\">How to protect your resource hierarchy - Azure Governance - Azure governance | Microsoft Learn</a><br> </div>",
        "System.AssignedTo": null,
        "Microsoft.VSTS.Scheduling.RemainingWork": 0.0,
        "Microsoft.VSTS.Common.Priority": 2.0,
        "System.BoardLane": null,
        "System.Tags": null,
        "Microsoft.VSTS.TCM.Steps": null,
        "Microsoft.VSTS.TCM.Parameters": null,
        "Microsoft.VSTS.TCM.LocalDataSource": null,
        "Microsoft.VSTS.TCM.AutomationStatus": null,
        "System.History": null
      },
      "relations": [
        {
          "rel": "System.LinkTypes.Hierarchy-Reverse",
          "url": "https://dev.azure.com/demojev/_apis/wit/workItems/1139",
          "attributes": {
            "isLocked": "false",
            "name": "Parent"
          }
        }
      ],
      "url": "https://dev.azure.com/demojev/_apis/wit/workItems/1143"
    },
    {
      "id": 1146,
      "rev": 2,
      "fields": {
        "System.AreaPath": "The DevJevNL Cloud Adoption Plan backlog",
        "System.TeamProject": "The DevJevNL Cloud Adoption Plan backlog",
        "System.IterationPath": "$ProjectName$\\Sprint 1",
        "System.WorkItemType": "Task",
        "System.State": "To Do",
        "System.Reason": "New task",
        "System.CreatedDate": "2023-05-12T08:08:21.717Z",
        "System.CreatedBy": "Jev Suchoi - DemoJev <jevadmin@demojev.onmicrosoft.com>",
        "System.ChangedDate": "2023-05-12T08:09:07.843Z",
        "System.ChangedBy": "Jev Suchoi - DemoJev <jevadmin@demojev.onmicrosoft.com>",
        "System.Title": "Establish a dedicated management subscription in your Platform management group",
        "Microsoft.VSTS.Scheduling.Effort": 0.0,
        "System.Description": "<div><p style=\"margin:1rem 0px 0px;\">Establish a dedicated management subscription in your<span>&nbsp;</span><code style=\"font-family:SFMono-Regular, Consolas, &quot;Liberation Mono&quot;, Menlo, Courier, monospace;font-size:13.6px;border-radius:3px;padding:0.1em 0.2em;\">Platform</code><span>&nbsp;</span>management group to support global management capabilities like Azure Monitor Log Analytics workspaces and Azure Automation runbooks.</p><br></div>",
        "System.AssignedTo": null,
        "Microsoft.VSTS.Scheduling.RemainingWork": 0.0,
        "Microsoft.VSTS.Common.Priority": 2.0,
        "System.BoardLane": null,
        "System.Tags": null,
        "Microsoft.VSTS.TCM.Steps": null,
        "Microsoft.VSTS.TCM.Parameters": null,
        "Microsoft.VSTS.TCM.LocalDataSource": null,
        "Microsoft.VSTS.TCM.AutomationStatus": null,
        "System.History": null
      },
      "relations": [
        {
          "rel": "System.LinkTypes.Hierarchy-Reverse",
          "url": "https://dev.azure.com/demojev/_apis/wit/workItems/1144",
          "attributes": {
            "isLocked": "false",
            "name": "Parent"
          }
        }
      ],
      "url": "https://dev.azure.com/demojev/_apis/wit/workItems/1146"
    },
    {
      "id": 1147,
      "rev": 2,
      "fields": {
        "System.AreaPath": "The DevJevNL Cloud Adoption Plan backlog",
        "System.TeamProject": "The DevJevNL Cloud Adoption Plan backlog",
        "System.IterationPath": "$ProjectName$\\Sprint 1",
        "System.WorkItemType": "Task",
        "System.State": "To Do",
        "System.Reason": "New task",
        "System.CreatedDate": "2023-05-12T08:08:29.217Z",
        "System.CreatedBy": "Jev Suchoi - DemoJev <jevadmin@demojev.onmicrosoft.com>",
        "System.ChangedDate": "2023-05-12T08:09:18.787Z",
        "System.ChangedBy": "Jev Suchoi - DemoJev <jevadmin@demojev.onmicrosoft.com>",
        "System.Title": "Establish a dedicated identity subscription in your Platform management group",
        "Microsoft.VSTS.Scheduling.Effort": 0.0,
        "System.Description": "<div><p style=\"margin:1rem 0px 0px;\">Establish a dedicated identity subscription in your<span>&nbsp;</span><code style=\"font-family:SFMono-Regular, Consolas, &quot;Liberation Mono&quot;, Menlo, Courier, monospace;font-size:13.6px;border-radius:3px;padding:0.1em 0.2em;\">Platform</code><span>&nbsp;</span>management group to host Windows Server Active Directory domain controllers when necessary.</p><br></div>",
        "System.AssignedTo": null,
        "Microsoft.VSTS.Scheduling.RemainingWork": 0.0,
        "Microsoft.VSTS.Common.Priority": 2.0,
        "System.BoardLane": null,
        "System.Tags": null,
        "Microsoft.VSTS.TCM.Steps": null,
        "Microsoft.VSTS.TCM.Parameters": null,
        "Microsoft.VSTS.TCM.LocalDataSource": null,
        "Microsoft.VSTS.TCM.AutomationStatus": null,
        "System.History": null
      },
      "relations": [
        {
          "rel": "System.LinkTypes.Hierarchy-Reverse",
          "url": "https://dev.azure.com/demojev/_apis/wit/workItems/1144",
          "attributes": {
            "isLocked": "false",
            "name": "Parent"
          }
        }
      ],
      "url": "https://dev.azure.com/demojev/_apis/wit/workItems/1147"
    },
    {
      "id": 1148,
      "rev": 2,
      "fields": {
        "System.AreaPath": "The DevJevNL Cloud Adoption Plan backlog",
        "System.TeamProject": "The DevJevNL Cloud Adoption Plan backlog",
        "System.IterationPath": "$ProjectName$\\Sprint 1",
        "System.WorkItemType": "Task",
        "System.State": "To Do",
        "System.Reason": "New task",
        "System.CreatedDate": "2023-05-12T08:08:42.437Z",
        "System.CreatedBy": "Jev Suchoi - DemoJev <jevadmin@demojev.onmicrosoft.com>",
        "System.ChangedDate": "2023-05-12T08:09:30.873Z",
        "System.ChangedBy": "Jev Suchoi - DemoJev <jevadmin@demojev.onmicrosoft.com>",
        "System.Title": "Establish a dedicated connectivity subscription in your Platform management group",
        "Microsoft.VSTS.Scheduling.Effort": 0.0,
        "System.Description": "<div><p style=\"margin:1rem 0px 0px;\">Establish a dedicated connectivity subscription in your<span>&nbsp;</span><code style=\"font-family:SFMono-Regular, Consolas, &quot;Liberation Mono&quot;, Menlo, Courier, monospace;font-size:13.6px;border-radius:3px;padding:0.1em 0.2em;\">Platform</code><span>&nbsp;</span>management group to host an Azure Virtual WAN hub, private Domain Name System (DNS), ExpressRoute circuit, and other networking resources. A dedicated subscription ensures that all your foundation network resources are billed together and isolated from other workloads.</p><br></div>",
        "System.AssignedTo": null,
        "Microsoft.VSTS.Scheduling.RemainingWork": 0.0,
        "Microsoft.VSTS.Common.Priority": 2.0,
        "System.BoardLane": null,
        "System.Tags": null,
        "Microsoft.VSTS.TCM.Steps": null,
        "Microsoft.VSTS.TCM.Parameters": null,
        "Microsoft.VSTS.TCM.LocalDataSource": null,
        "Microsoft.VSTS.TCM.AutomationStatus": null,
        "System.History": null
      },
      "relations": [
        {
          "rel": "System.LinkTypes.Hierarchy-Reverse",
          "url": "https://dev.azure.com/demojev/_apis/wit/workItems/1144",
          "attributes": {
            "isLocked": "false",
            "name": "Parent"
          }
        }
      ],
      "url": "https://dev.azure.com/demojev/_apis/wit/workItems/1148"
    },
    {
      "id": 1149,
      "rev": 1,
      "fields": {
        "System.AreaPath": "The DevJevNL Cloud Adoption Plan backlog",
        "System.TeamProject": "The DevJevNL Cloud Adoption Plan backlog",
        "System.IterationPath": "$ProjectName$\\Sprint 1",
        "System.WorkItemType": "Task",
        "System.State": "To Do",
        "System.Reason": "New task",
        "System.CreatedDate": "2023-05-12T08:10:10.653Z",
        "System.CreatedBy": "Jev Suchoi - DemoJev <jevadmin@demojev.onmicrosoft.com>",
        "System.ChangedDate": "2023-05-12T08:10:10.653Z",
        "System.ChangedBy": "Jev Suchoi - DemoJev <jevadmin@demojev.onmicrosoft.com>",
        "System.Title": "Build a Subscription vending process to automate the creation of Subscriptions",
        "Microsoft.VSTS.Scheduling.Effort": 0.0,
        "System.Description": "<div>Build a Subscription vending process to automate the creation of Subscriptions for application teams via a request workflow as described in<span>&nbsp;</span><a href=\"https://learn.microsoft.com/en-us/azure/cloud-adoption-framework/ready/landing-zone/design-area/subscription-vending\" style=\"cursor:pointer;background-color:rgba(0, 0, 0, 0);\">Subscription vending</a>.<br> </div>",
        "System.AssignedTo": null,
        "Microsoft.VSTS.Scheduling.RemainingWork": 0.0,
        "Microsoft.VSTS.Common.Priority": 2.0,
        "System.BoardLane": null,
        "System.Tags": null,
        "Microsoft.VSTS.TCM.Steps": null,
        "Microsoft.VSTS.TCM.Parameters": null,
        "Microsoft.VSTS.TCM.LocalDataSource": null,
        "Microsoft.VSTS.TCM.AutomationStatus": null,
        "System.History": null
      },
      "relations": [
        {
          "rel": "System.LinkTypes.Hierarchy-Reverse",
          "url": "https://dev.azure.com/demojev/_apis/wit/workItems/1144",
          "attributes": {
            "isLocked": "false",
            "name": "Parent"
          }
        }
      ],
      "url": "https://dev.azure.com/demojev/_apis/wit/workItems/1149"
    },
    {
      "id": 1151,
      "rev": 1,
      "fields": {
        "System.AreaPath": "The DevJevNL Cloud Adoption Plan backlog",
        "System.TeamProject": "The DevJevNL Cloud Adoption Plan backlog",
        "System.IterationPath": "$ProjectName$\\Sprint 1",
        "System.WorkItemType": "Task",
        "System.State": "To Do",
        "System.Reason": "New task",
        "System.CreatedDate": "2023-05-12T09:47:36.247Z",
        "System.CreatedBy": "Jev Suchoi - DemoJev <jevadmin@demojev.onmicrosoft.com>",
        "System.ChangedDate": "2023-05-12T09:47:36.247Z",
        "System.ChangedBy": "Jev Suchoi - DemoJev <jevadmin@demojev.onmicrosoft.com>",
        "System.Title": "Enable Microsoft Defender for Cloud",
        "Microsoft.VSTS.Scheduling.Effort": 0.0,
        "System.Description": "<div>Enable Microsoft Defender for Cloud. Configure Defender for Cloud exports to the central Log Analytics workspace in the management subscription.<br> </div>",
        "System.AssignedTo": null,
        "Microsoft.VSTS.Scheduling.RemainingWork": 0.0,
        "Microsoft.VSTS.Common.Priority": 2.0,
        "System.BoardLane": null,
        "System.Tags": null,
        "Microsoft.VSTS.TCM.Steps": null,
        "Microsoft.VSTS.TCM.Parameters": null,
        "Microsoft.VSTS.TCM.LocalDataSource": null,
        "Microsoft.VSTS.TCM.AutomationStatus": null,
        "System.History": null
      },
      "relations": null,
      "url": "https://dev.azure.com/demojev/_apis/wit/workItems/1151"
    },
    {
      "id": 1152,
      "rev": 1,
      "fields": {
        "System.AreaPath": "The DevJevNL Cloud Adoption Plan backlog",
        "System.TeamProject": "The DevJevNL Cloud Adoption Plan backlog",
        "System.IterationPath": "$ProjectName$\\Sprint 1",
        "System.WorkItemType": "Task",
        "System.State": "To Do",
        "System.Reason": "New task",
        "System.CreatedDate": "2023-05-12T09:47:47.333Z",
        "System.CreatedBy": "Jev Suchoi - DemoJev <jevadmin@demojev.onmicrosoft.com>",
        "System.ChangedDate": "2023-05-12T09:47:47.333Z",
        "System.ChangedBy": "Jev Suchoi - DemoJev <jevadmin@demojev.onmicrosoft.com>",
        "System.Title": "Configure the Azure Activity logs",
        "Microsoft.VSTS.Scheduling.Effort": 0.0,
        "System.Description": "<div>Configure the diagnostic settings for all resources to be sent to the central Log Analytics workspace in the management subscription.<br> </div>",
        "System.AssignedTo": null,
        "Microsoft.VSTS.Scheduling.RemainingWork": 0.0,
        "Microsoft.VSTS.Common.Priority": 2.0,
        "System.BoardLane": null,
        "System.Tags": null,
        "Microsoft.VSTS.TCM.Steps": null,
        "Microsoft.VSTS.TCM.Parameters": null,
        "Microsoft.VSTS.TCM.LocalDataSource": null,
        "Microsoft.VSTS.TCM.AutomationStatus": null,
        "System.History": null
      },
      "relations": null,
      "url": "https://dev.azure.com/demojev/_apis/wit/workItems/1152"
    },
    {
      "id": 1153,
      "rev": 1,
      "fields": {
        "System.AreaPath": "The DevJevNL Cloud Adoption Plan backlog",
        "System.TeamProject": "The DevJevNL Cloud Adoption Plan backlog",
        "System.IterationPath": "$ProjectName$\\Sprint 1",
        "System.WorkItemType": "Task",
        "System.State": "To Do",
        "System.Reason": "New task",
        "System.CreatedDate": "2023-05-12T09:48:21.737Z",
        "System.CreatedBy": "Jev Suchoi - DemoJev <jevadmin@demojev.onmicrosoft.com>",
        "System.ChangedDate": "2023-05-12T09:48:21.737Z",
        "System.ChangedBy": "Jev Suchoi - DemoJev <jevadmin@demojev.onmicrosoft.com>",
        "System.Title": "Deploy the required Azure Monitor agents for virtual machines and Azure Virtual Machine Scale Sets",
        "Microsoft.VSTS.Scheduling.Effort": 0.0,
        "System.Description": "<div>Deploy the required Azure Monitor agents for virtual machines and Azure Virtual Machine Scale Sets, including Azure Arc connected servers. Connect them to the central Log Analytics workspace in the management subscription<br> </div>",
        "System.AssignedTo": null,
        "Microsoft.VSTS.Scheduling.RemainingWork": 0.0,
        "Microsoft.VSTS.Common.Priority": 2.0,
        "System.BoardLane": null,
        "System.Tags": null,
        "Microsoft.VSTS.TCM.Steps": null,
        "Microsoft.VSTS.TCM.Parameters": null,
        "Microsoft.VSTS.TCM.LocalDataSource": null,
        "Microsoft.VSTS.TCM.AutomationStatus": null,
        "System.History": null
      },
      "relations": null,
      "url": "https://dev.azure.com/demojev/_apis/wit/workItems/1153"
    },
    {
      "id": 1154,
      "rev": 2,
      "fields": {
        "System.AreaPath": "The DevJevNL Cloud Adoption Plan backlog",
        "System.TeamProject": "The DevJevNL Cloud Adoption Plan backlog",
        "System.IterationPath": "$ProjectName$\\Sprint 1",
        "System.WorkItemType": "Task",
        "System.State": "To Do",
        "System.Reason": "New task",
        "System.CreatedDate": "2023-05-12T10:13:58.88Z",
        "System.CreatedBy": "Jev Suchoi - DemoJev <jevadmin@demojev.onmicrosoft.com>",
        "System.ChangedDate": "2023-05-12T10:14:18.417Z",
        "System.ChangedBy": "Jev Suchoi - DemoJev <jevadmin@demojev.onmicrosoft.com>",
        "System.Title": "Phase 1: Disable DINE and Modify policies automated actions",
        "Microsoft.VSTS.Scheduling.Effort": 0.0,
        "System.Description": null,
        "System.AssignedTo": null,
        "Microsoft.VSTS.Scheduling.RemainingWork": 0.0,
        "Microsoft.VSTS.Common.Priority": 2.0,
        "System.BoardLane": null,
        "System.Tags": null,
        "Microsoft.VSTS.TCM.Steps": null,
        "Microsoft.VSTS.TCM.Parameters": null,
        "Microsoft.VSTS.TCM.LocalDataSource": null,
        "Microsoft.VSTS.TCM.AutomationStatus": null,
        "System.History": null
      },
      "relations": null,
      "url": "https://dev.azure.com/demojev/_apis/wit/workItems/1154"
    },
    {
      "id": 1155,
      "rev": 1,
      "fields": {
        "System.AreaPath": "The DevJevNL Cloud Adoption Plan backlog",
        "System.TeamProject": "The DevJevNL Cloud Adoption Plan backlog",
        "System.IterationPath": "$ProjectName$\\Sprint 1",
        "System.WorkItemType": "Task",
        "System.State": "To Do",
        "System.Reason": "New task",
        "System.CreatedDate": "2023-05-12T10:14:38.277Z",
        "System.CreatedBy": "Jev Suchoi - DemoJev <jevadmin@demojev.onmicrosoft.com>",
        "System.ChangedDate": "2023-05-12T10:14:38.277Z",
        "System.ChangedBy": "Jev Suchoi - DemoJev <jevadmin@demojev.onmicrosoft.com>",
        "System.Title": "Phase 2: Enable DINE and Modify policies on a specific policy or reduced scope",
        "Microsoft.VSTS.Scheduling.Effort": 0.0,
        "System.Description": null,
        "System.AssignedTo": null,
        "Microsoft.VSTS.Scheduling.RemainingWork": 0.0,
        "Microsoft.VSTS.Common.Priority": 2.0,
        "System.BoardLane": null,
        "System.Tags": null,
        "Microsoft.VSTS.TCM.Steps": null,
        "Microsoft.VSTS.TCM.Parameters": null,
        "Microsoft.VSTS.TCM.LocalDataSource": null,
        "Microsoft.VSTS.TCM.AutomationStatus": null,
        "System.History": null
      },
      "relations": null,
      "url": "https://dev.azure.com/demojev/_apis/wit/workItems/1155"
    },
    {
      "id": 1156,
      "rev": 1,
      "fields": {
        "System.AreaPath": "The DevJevNL Cloud Adoption Plan backlog",
        "System.TeamProject": "The DevJevNL Cloud Adoption Plan backlog",
        "System.IterationPath": "$ProjectName$\\Sprint 1",
        "System.WorkItemType": "Task",
        "System.State": "To Do",
        "System.Reason": "New task",
        "System.CreatedDate": "2023-05-12T10:14:49.087Z",
        "System.CreatedBy": "Jev Suchoi - DemoJev <jevadmin@demojev.onmicrosoft.com>",
        "System.ChangedDate": "2023-05-12T10:14:49.087Z",
        "System.ChangedBy": "Jev Suchoi - DemoJev <jevadmin@demojev.onmicrosoft.com>",
        "System.Title": "Phase 3: Enable DINE and Modify policies everywhere",
        "Microsoft.VSTS.Scheduling.Effort": 0.0,
        "System.Description": null,
        "System.AssignedTo": null,
        "Microsoft.VSTS.Scheduling.RemainingWork": 0.0,
        "Microsoft.VSTS.Common.Priority": 2.0,
        "System.BoardLane": null,
        "System.Tags": null,
        "Microsoft.VSTS.TCM.Steps": null,
        "Microsoft.VSTS.TCM.Parameters": null,
        "Microsoft.VSTS.TCM.LocalDataSource": null,
        "Microsoft.VSTS.TCM.AutomationStatus": null,
        "System.History": null
      },
      "relations": null,
      "url": "https://dev.azure.com/demojev/_apis/wit/workItems/1156"
    },
    {
      "id": 1386,
      "rev": 1,
      "fields": {
        "System.AreaPath": "The DevJevNL Cloud Adoption Plan backlog",
        "System.TeamProject": "The DevJevNL Cloud Adoption Plan backlog",
        "System.IterationPath": "$ProjectName$\\Sprint 1",
        "System.WorkItemType": "Task",
        "System.State": "To Do",
        "System.Reason": "New task",
        "System.CreatedDate": "2023-07-28T09:38:17.087Z",
        "System.CreatedBy": "Jev Suchoi - DemoJev <jevadmin@demojev.onmicrosoft.com>",
        "System.ChangedDate": "2023-07-28T09:38:17.087Z",
        "System.ChangedBy": "Jev Suchoi - DemoJev <jevadmin@demojev.onmicrosoft.com>",
        "System.Title": "Automation",
        "Microsoft.VSTS.Scheduling.Effort": 0.0,
        "System.Description": "<div><a href=\"https://learn.microsoft.com/en-us/azure/cloud-adoption-framework/ready/landing-zone/design-area/multi-tenant/automation\">https://learn.microsoft.com/en-us/azure/cloud-adoption-framework/ready/landing-zone/design-area/multi-tenant/automation</a><br> </div>",
        "System.AssignedTo": null,
        "Microsoft.VSTS.Scheduling.RemainingWork": 0.0,
        "Microsoft.VSTS.Common.Priority": 2.0,
        "System.BoardLane": null,
        "System.Tags": null,
        "Microsoft.VSTS.TCM.Steps": null,
        "Microsoft.VSTS.TCM.Parameters": null,
        "Microsoft.VSTS.TCM.LocalDataSource": null,
        "Microsoft.VSTS.TCM.AutomationStatus": null,
        "System.History": null
      },
      "relations": [
        {
          "rel": "System.LinkTypes.Hierarchy-Reverse",
          "url": "https://dev.azure.com/demojev/_apis/wit/workItems/1385",
          "attributes": {
            "isLocked": "false",
            "name": "Parent"
          }
        }
      ],
      "url": "https://dev.azure.com/demojev/_apis/wit/workItems/1386"
    },
    {
      "id": 1387,
      "rev": 1,
      "fields": {
        "System.AreaPath": "The DevJevNL Cloud Adoption Plan backlog",
        "System.TeamProject": "The DevJevNL Cloud Adoption Plan backlog",
        "System.IterationPath": "$ProjectName$\\Sprint 1",
        "System.WorkItemType": "Task",
        "System.State": "To Do",
        "System.Reason": "New task",
        "System.CreatedDate": "2023-07-28T09:38:40.717Z",
        "System.CreatedBy": "Jev Suchoi - DemoJev <jevadmin@demojev.onmicrosoft.com>",
        "System.ChangedDate": "2023-07-28T09:38:40.717Z",
        "System.ChangedBy": "Jev Suchoi - DemoJev <jevadmin@demojev.onmicrosoft.com>",
        "System.Title": "Canary environments",
        "Microsoft.VSTS.Scheduling.Effort": 0.0,
        "System.Description": "<div><a href=\"https://learn.microsoft.com/en-us/azure/cloud-adoption-framework/ready/landing-zone/design-area/multi-tenant/canary\">https://learn.microsoft.com/en-us/azure/cloud-adoption-framework/ready/landing-zone/design-area/multi-tenant/canary</a><br> </div>",
        "System.AssignedTo": null,
        "Microsoft.VSTS.Scheduling.RemainingWork": 0.0,
        "Microsoft.VSTS.Common.Priority": 2.0,
        "System.BoardLane": null,
        "System.Tags": null,
        "Microsoft.VSTS.TCM.Steps": null,
        "Microsoft.VSTS.TCM.Parameters": null,
        "Microsoft.VSTS.TCM.LocalDataSource": null,
        "Microsoft.VSTS.TCM.AutomationStatus": null,
        "System.History": null
      },
      "relations": [
        {
          "rel": "System.LinkTypes.Hierarchy-Reverse",
          "url": "https://dev.azure.com/demojev/_apis/wit/workItems/1385",
          "attributes": {
            "isLocked": "false",
            "name": "Parent"
          }
        }
      ],
      "url": "https://dev.azure.com/demojev/_apis/wit/workItems/1387"
    },
    {
      "id": 1388,
      "rev": 1,
      "fields": {
        "System.AreaPath": "The DevJevNL Cloud Adoption Plan backlog",
        "System.TeamProject": "The DevJevNL Cloud Adoption Plan backlog",
        "System.IterationPath": "$ProjectName$\\Sprint 1",
        "System.WorkItemType": "Task",
        "System.State": "To Do",
        "System.Reason": "New task",
        "System.CreatedDate": "2023-07-28T09:38:59.03Z",
        "System.CreatedBy": "Jev Suchoi - DemoJev <jevadmin@demojev.onmicrosoft.com>",
        "System.ChangedDate": "2023-07-28T09:38:59.03Z",
        "System.ChangedBy": "Jev Suchoi - DemoJev <jevadmin@demojev.onmicrosoft.com>",
        "System.Title": "Azure Lighthouse",
        "Microsoft.VSTS.Scheduling.Effort": 0.0,
        "System.Description": "<div><a href=\"https://learn.microsoft.com/en-us/azure/cloud-adoption-framework/ready/landing-zone/design-area/multi-tenant/lighthouse\">https://learn.microsoft.com/en-us/azure/cloud-adoption-framework/ready/landing-zone/design-area/multi-tenant/lighthouse</a><br> </div>",
        "System.AssignedTo": null,
        "Microsoft.VSTS.Scheduling.RemainingWork": 0.0,
        "Microsoft.VSTS.Common.Priority": 2.0,
        "System.BoardLane": null,
        "System.Tags": null,
        "Microsoft.VSTS.TCM.Steps": null,
        "Microsoft.VSTS.TCM.Parameters": null,
        "Microsoft.VSTS.TCM.LocalDataSource": null,
        "Microsoft.VSTS.TCM.AutomationStatus": null,
        "System.History": null
      },
      "relations": [
        {
          "rel": "System.LinkTypes.Hierarchy-Reverse",
          "url": "https://dev.azure.com/demojev/_apis/wit/workItems/1385",
          "attributes": {
            "isLocked": "false",
            "name": "Parent"
          }
        }
      ],
      "url": "https://dev.azure.com/demojev/_apis/wit/workItems/1388"
    }
  ],
  "HttpStatusCode": 0,
  "Message": null
}